name,location,postal_town,longitude,latitude,capacity,in_house_gear,band_type,genre,contact_name,contact_number,contact_email,contact_link,description,additional_info,logo_url
Corporation,"Corporation, Milton Street, Sheffield City Centre, Sheffield, UK",Sheffield,53.3772819,-1.475949,0,None,All,"[""All Alternative"",""All Blues"",""All Classical"",""All Country"",""All Dance"",""All Easy Listening"",""All Electronic"",""All Folk"",""All Hip-Hop\/Rap"",""All Indie"",""All Industrial"",""All Christian & Gospel"",""All Jazz"",""All Latin"",""All Metal"",""All Pop"",""All Post-Disco"",""All Progressive"",""All R&B\/Soul"",""All Reggae"",""All Rock"",""All Singer\/Songwriter"",""All Vocal""]",General,01142760262,,"https://corporation.org.uk/, https://www.facebook.com/CorporationSheffield,https://www.instagram.com/corpsheffield/,https://www.tiktok.com/@corporationnightclub","Lorem ipsum dolor sit amet, consectetur adipiscing elit. Nunc elementum tempor est. Vestibulum cursus vestibulum magna, eget pretium quam tempor id. Sed vehicula dui ut condimentum fermentum. Suspendisse porta nisl velit, quis malesuada magna pellentesque ut. Aenean felis nisi, interdum at porttitor nec, finibus vel mi. Duis in ullamcorper ipsum. Sed ligula nunc, dignissim ac neque et, posuere commodo dolor. Nulla ullamcorper mollis turpis lobortis convallis. Curabitur dictum tortor eu mauris elementum hendrerit. Vestibulum ante ipsum primis in faucibus orci luctus et ultrices posuere cubilia curae; Nulla vitae lacinia arcu. Aliquam dignissim lacus et ex consectetur dictum.","Lorem ipsum dolor sit amet, consectetur adipiscing elit. Nunc elementum tempor est. Vestibulum cursus vestibulum magna, eget pretium quam tempor id. Sed vehicula dui ut condimentum fermentum. Suspendisse porta nisl velit, quis malesuada magna pellentesque ut. Aenean felis nisi, interdum at porttitor nec, finibus vel mi. Duis in ullamcorper ipsum. Sed ligula nunc, dignissim ac neque et, posuere commodo dolor. Nulla ullamcorper mollis turpis lobortis convallis. Curabitur dictum tortor eu mauris elementum hendrerit. Vestibulum ante ipsum primis in faucibus orci luctus et ultrices posuere cubilia curae; Nulla vitae lacinia arcu. Aliquam dignissim lacus et ex consectetur dictum.",
Dove and Rainbow,"The Dove & Rainbow, Hartshead Square, Sheffield City Centre, Sheffield, UK",Sheffield,53.3834196,-1.4669843,0,None,All,"[""All Alternative"",""All Blues"",""All Classical"",""All Country"",""All Dance"",""All Easy Listening"",""All Electronic"",""All Folk"",""All Hip-Hop\/Rap"",""All Indie"",""All Industrial"",""All Christian & Gospel"",""All Jazz"",""All Latin"",""All Metal"",""All Pop"",""All Post-Disco"",""All Progressive"",""All R&B\/Soul"",""All Reggae"",""All Rock"",""All Singer\/Songwriter"",""All Vocal""]",Keith,01142721594,,"https://doveandrainbow.com/, https://www.facebook.com/doveandrainbow, https://www.instagram.com/thedoveandrainbow/","Lorem ipsum dolor sit amet, consectetur adipiscing elit. Nunc elementum tempor est. Vestibulum cursus vestibulum magna, eget pretium quam tempor id. Sed vehicula dui ut condimentum fermentum. Suspendisse porta nisl velit, quis malesuada magna pellentesque ut. Aenean felis nisi, interdum at porttitor nec, finibus vel mi. Duis in ullamcorper ipsum. Sed ligula nunc, dignissim ac neque et, posuere commodo dolor. Nulla ullamcorper mollis turpis lobortis convallis. Curabitur dictum tortor eu mauris elementum hendrerit. Vestibulum ante ipsum primis in faucibus orci luctus et ultrices posuere cubilia curae; Nulla vitae lacinia arcu. Aliquam dignissim lacus et ex consectetur dictum.","Lorem ipsum dolor sit amet, consectetur adipiscing elit. Nunc elementum tempor est. Vestibulum cursus vestibulum magna, eget pretium quam tempor id. Sed vehicula dui ut condimentum fermentum. Suspendisse porta nisl velit, quis malesuada magna pellentesque ut. Aenean felis nisi, interdum at porttitor nec, finibus vel mi. Duis in ullamcorper ipsum. Sed ligula nunc, dignissim ac neque et, posuere commodo dolor. Nulla ullamcorper mollis turpis lobortis convallis. Curabitur dictum tortor eu mauris elementum hendrerit. Vestibulum ante ipsum primis in faucibus orci luctus et ultrices posuere cubilia curae; Nulla vitae lacinia arcu. Aliquam dignissim lacus et ex consectetur dictum.",
Code,"Code Sheffield, Eyre Street, Sheffield City Centre, Sheffield, UK",Sheffield,53.3766866,-1.4709026,2000,"Full Flare Audio Sound, x2 Pioneer CDJ2000NXS2, x1 DJM900NXS2, LED Ceiling, CO2 Jets, Confetti System, 38 Moving Spots & Washes, LED Strobes & Blinders, Projection Mapping, x3 Lasers (x2 2W & x1 10W)",All,"[""All Alternative"",""All Blues"",""All Classical"",""All Country"",""All Dance"",""All Easy Listening"",""All Electronic"",""All Folk"",""All Hip-Hop\/Rap"",""All Indie"",""All Industrial"",""All Christian & Gospel"",""All Jazz"",""All Latin"",""All Metal"",""All Pop"",""All Post-Disco"",""All Progressive"",""All R&B\/Soul"",""All Reggae"",""All Rock"",""All Singer\/Songwriter"",""All Vocal""]",General,01142720097,info@codesheffield.com,"https://www.codesheffield.com/, https://www.facebook.com/sheffieldcode, https://www.instagram.com/codesheffield/, https://www.twitter.com/codesheffield, https://www.tiktok.com/@codesheffield, https://www.snapchat.com/add/codesheffield","Lorem ipsum dolor sit amet, consectetur adipiscing elit. Nunc elementum tempor est. Vestibulum cursus vestibulum magna, eget pretium quam tempor id. Sed vehicula dui ut condimentum fermentum. Suspendisse porta nisl velit, quis malesuada magna pellentesque ut. Aenean felis nisi, interdum at porttitor nec, finibus vel mi. Duis in ullamcorper ipsum. Sed ligula nunc, dignissim ac neque et, posuere commodo dolor. Nulla ullamcorper mollis turpis lobortis convallis. Curabitur dictum tortor eu mauris elementum hendrerit. Vestibulum ante ipsum primis in faucibus orci luctus et ultrices posuere cubilia curae; Nulla vitae lacinia arcu. Aliquam dignissim lacus et ex consectetur dictum.","Lorem ipsum dolor sit amet, consectetur adipiscing elit. Nunc elementum tempor est. Vestibulum cursus vestibulum magna, eget pretium quam tempor id. Sed vehicula dui ut condimentum fermentum. Suspendisse porta nisl velit, quis malesuada magna pellentesque ut. Aenean felis nisi, interdum at porttitor nec, finibus vel mi. Duis in ullamcorper ipsum. Sed ligula nunc, dignissim ac neque et, posuere commodo dolor. Nulla ullamcorper mollis turpis lobortis convallis. Curabitur dictum tortor eu mauris elementum hendrerit. Vestibulum ante ipsum primis in faucibus orci luctus et ultrices posuere cubilia curae; Nulla vitae lacinia arcu. Aliquam dignissim lacus et ex consectetur dictum.",
West Street Live,"West Street Live, West Street, Sheffield City Centre, Sheffield, UK",Sheffield,53.3809822,-1.4760401,0,"Mixing Desk: Allen and Heath GL2400, Front Of House: LA Audio DLX260, LA Audio EQ231G, Lab Gruppen C88:4, 2 x HK Audio CT 115, 4 x HK Audio CT 118 Sub, Monitoring: 2x DBX 231s, 4x Hk Audio L5 112XA, House Bass Rig: Peavey Session Bass, SWR 4×10, House Drum Kit: Pearl Export 4 piece, Microphones: 6 x Shure SM 57, 3 x The T.bone MB-75 Beta, 1 x Sennheiser e602-ii, 3 x AKG P4, 2 x Sennheiser e606, 1 x Takstar PCM-6100, DI: Behringer Ultra-Di Pro (8 Inputs), Lighting Rig: 2 x robe show lighting spot’s, 2 x lanta Saturn 5 disco, 3x lanta LED stage lights, Qtx light DMX-x10 controller",All,"[""All Alternative"",""All Blues"",""All Classical"",""All Country"",""All Dance"",""All Easy Listening"",""All Electronic"",""All Folk"",""All Hip-Hop\/Rap"",""All Indie"",""All Industrial"",""All Christian & Gospel"",""All Jazz"",""All Latin"",""All Metal"",""All Pop"",""All Post-Disco"",""All Progressive"",""All R&B\/Soul"",""All Reggae"",""All Rock"",""All Singer\/Songwriter"",""All Vocal""]",General,0114 249 2785,mentholmans@hotmail.com,"http://weststreetlive.co.uk/, https://www.facebook.com/WestStreetLive, https://twitter.com/WestStreetLive, https://www.instagram.com/weststreetlive","Lorem ipsum dolor sit amet, consectetur adipiscing elit. Nunc elementum tempor est. Vestibulum cursus vestibulum magna, eget pretium quam tempor id. Sed vehicula dui ut condimentum fermentum. Suspendisse porta nisl velit, quis malesuada magna pellentesque ut. Aenean felis nisi, interdum at porttitor nec, finibus vel mi. Duis in ullamcorper ipsum. Sed ligula nunc, dignissim ac neque et, posuere commodo dolor. Nulla ullamcorper mollis turpis lobortis convallis. Curabitur dictum tortor eu mauris elementum hendrerit. Vestibulum ante ipsum primis in faucibus orci luctus et ultrices posuere cubilia curae; Nulla vitae lacinia arcu. Aliquam dignissim lacus et ex consectetur dictum.","Lorem ipsum dolor sit amet, consectetur adipiscing elit. Nunc elementum tempor est. Vestibulum cursus vestibulum magna, eget pretium quam tempor id. Sed vehicula dui ut condimentum fermentum. Suspendisse porta nisl velit, quis malesuada magna pellentesque ut. Aenean felis nisi, interdum at porttitor nec, finibus vel mi. Duis in ullamcorper ipsum. Sed ligula nunc, dignissim ac neque et, posuere commodo dolor. Nulla ullamcorper mollis turpis lobortis convallis. Curabitur dictum tortor eu mauris elementum hendrerit. Vestibulum ante ipsum primis in faucibus orci luctus et ultrices posuere cubilia curae; Nulla vitae lacinia arcu. Aliquam dignissim lacus et ex consectetur dictum.",
Church,"Church - Temple of Fun, Rutland Way, Sheffield, UK",Sheffield,53.3924827,-1.4785479,220,None,All,"[""All Alternative"",""All Blues"",""All Classical"",""All Country"",""All Dance"",""All Easy Listening"",""All Electronic"",""All Folk"",""All Hip-Hop\/Rap"",""All Indie"",""All Industrial"",""All Christian & Gospel"",""All Jazz"",""All Latin"",""All Metal"",""All Pop"",""All Post-Disco"",""All Progressive"",""All R&B\/Soul"",""All Reggae"",""All Rock"",""All Singer\/Songwriter"",""All Vocal""]",General,07521610842,info@templeof.fun,"https://templeof.fun/, https://www.facebook.com/TempleOfFun/, https://www.instagram.com/templeof.fun, https://www.tiktok.com/@templeof.fun, https://twitter.com/templeof_fun","Lorem ipsum dolor sit amet, consectetur adipiscing elit. Nunc elementum tempor est. Vestibulum cursus vestibulum magna, eget pretium quam tempor id. Sed vehicula dui ut condimentum fermentum. Suspendisse porta nisl velit, quis malesuada magna pellentesque ut. Aenean felis nisi, interdum at porttitor nec, finibus vel mi. Duis in ullamcorper ipsum. Sed ligula nunc, dignissim ac neque et, posuere commodo dolor. Nulla ullamcorper mollis turpis lobortis convallis. Curabitur dictum tortor eu mauris elementum hendrerit. Vestibulum ante ipsum primis in faucibus orci luctus et ultrices posuere cubilia curae; Nulla vitae lacinia arcu. Aliquam dignissim lacus et ex consectetur dictum.","Lorem ipsum dolor sit amet, consectetur adipiscing elit. Nunc elementum tempor est. Vestibulum cursus vestibulum magna, eget pretium quam tempor id. Sed vehicula dui ut condimentum fermentum. Suspendisse porta nisl velit, quis malesuada magna pellentesque ut. Aenean felis nisi, interdum at porttitor nec, finibus vel mi. Duis in ullamcorper ipsum. Sed ligula nunc, dignissim ac neque et, posuere commodo dolor. Nulla ullamcorper mollis turpis lobortis convallis. Curabitur dictum tortor eu mauris elementum hendrerit. Vestibulum ante ipsum primis in faucibus orci luctus et ultrices posuere cubilia curae; Nulla vitae lacinia arcu. Aliquam dignissim lacus et ex consectetur dictum.",
Hagglers Corner,"Hagglers Corner, Queens Road, Lowfield, Sheffield, UK",Sheffield,53.3646389,-1.4713306,100,Sound System,All,"[""All Alternative"",""All Blues"",""All Classical"",""All Country"",""All Dance"",""All Easy Listening"",""All Electronic"",""All Folk"",""All Hip-Hop\/Rap"",""All Indie"",""All Industrial"",""All Christian & Gospel"",""All Jazz"",""All Latin"",""All Metal"",""All Pop"",""All Post-Disco"",""All Progressive"",""All R&B\/Soul"",""All Reggae"",""All Rock"",""All Singer\/Songwriter"",""All Vocal""]",General,07968822654,,"https://hagglerscorner.co.uk/, https://www.facebook.com/hagglers.corner, https://www.instagram.com/hagglers_corner_/, https://www.twitter.com/hagglerscorner","Lorem ipsum dolor sit amet, consectetur adipiscing elit. Nunc elementum tempor est. Vestibulum cursus vestibulum magna, eget pretium quam tempor id. Sed vehicula dui ut condimentum fermentum. Suspendisse porta nisl velit, quis malesuada magna pellentesque ut. Aenean felis nisi, interdum at porttitor nec, finibus vel mi. Duis in ullamcorper ipsum. Sed ligula nunc, dignissim ac neque et, posuere commodo dolor. Nulla ullamcorper mollis turpis lobortis convallis. Curabitur dictum tortor eu mauris elementum hendrerit. Vestibulum ante ipsum primis in faucibus orci luctus et ultrices posuere cubilia curae; Nulla vitae lacinia arcu. Aliquam dignissim lacus et ex consectetur dictum.","Lorem ipsum dolor sit amet, consectetur adipiscing elit. Nunc elementum tempor est. Vestibulum cursus vestibulum magna, eget pretium quam tempor id. Sed vehicula dui ut condimentum fermentum. Suspendisse porta nisl velit, quis malesuada magna pellentesque ut. Aenean felis nisi, interdum at porttitor nec, finibus vel mi. Duis in ullamcorper ipsum. Sed ligula nunc, dignissim ac neque et, posuere commodo dolor. Nulla ullamcorper mollis turpis lobortis convallis. Curabitur dictum tortor eu mauris elementum hendrerit. Vestibulum ante ipsum primis in faucibus orci luctus et ultrices posuere cubilia curae; Nulla vitae lacinia arcu. Aliquam dignissim lacus et ex consectetur dictum.",
Here We Aren't,"Here We Aren't, Godric Square, Peterborough, UK",Peterborough,52.5559408,-0.2614047,0,None,All,"[""All Alternative"",""All Blues"",""All Classical"",""All Country"",""All Dance"",""All Easy Listening"",""All Electronic"",""All Folk"",""All Hip-Hop\/Rap"",""All Indie"",""All Industrial"",""All Christian & Gospel"",""All Jazz"",""All Latin"",""All Metal"",""All Pop"",""All Post-Disco"",""All Progressive"",""All R&B\/Soul"",""All Reggae"",""All Rock"",""All Singer\/Songwriter"",""All Vocal""]",General,07956283752,,"https://www.herewearent.com/, https://www.facebook.com/herewearent, https://www.twitter.com/here_we_arent, https://www.instagram.com/here_we_arent","Lorem ipsum dolor sit amet, consectetur adipiscing elit. Nunc elementum tempor est. Vestibulum cursus vestibulum magna, eget pretium quam tempor id. Sed vehicula dui ut condimentum fermentum. Suspendisse porta nisl velit, quis malesuada magna pellentesque ut. Aenean felis nisi, interdum at porttitor nec, finibus vel mi. Duis in ullamcorper ipsum. Sed ligula nunc, dignissim ac neque et, posuere commodo dolor. Nulla ullamcorper mollis turpis lobortis convallis. Curabitur dictum tortor eu mauris elementum hendrerit. Vestibulum ante ipsum primis in faucibus orci luctus et ultrices posuere cubilia curae; Nulla vitae lacinia arcu. Aliquam dignissim lacus et ex consectetur dictum.","Lorem ipsum dolor sit amet, consectetur adipiscing elit. Nunc elementum tempor est. Vestibulum cursus vestibulum magna, eget pretium quam tempor id. Sed vehicula dui ut condimentum fermentum. Suspendisse porta nisl velit, quis malesuada magna pellentesque ut. Aenean felis nisi, interdum at porttitor nec, finibus vel mi. Duis in ullamcorper ipsum. Sed ligula nunc, dignissim ac neque et, posuere commodo dolor. Nulla ullamcorper mollis turpis lobortis convallis. Curabitur dictum tortor eu mauris elementum hendrerit. Vestibulum ante ipsum primis in faucibus orci luctus et ultrices posuere cubilia curae; Nulla vitae lacinia arcu. Aliquam dignissim lacus et ex consectetur dictum.",
The Metal Monocle,"The Metal Monocle, Braunstone Gate, Leicester, UK",Leicester,52.6309051,-1.1464717,0,None,All,"[""All Alternative"",""All Blues"",""All Classical"",""All Country"",""All Dance"",""All Easy Listening"",""All Electronic"",""All Folk"",""All Hip-Hop\/Rap"",""All Indie"",""All Industrial"",""All Christian & Gospel"",""All Jazz"",""All Latin"",""All Metal"",""All Pop"",""All Post-Disco"",""All Progressive"",""All R&B\/Soul"",""All Reggae"",""All Rock"",""All Singer\/Songwriter"",""All Vocal""]",Tommy/ Caroline,01164292445,,"https://www.themetalmonocle.co.uk/, https://www.facebook.com/TheMetalMonocle, https://www.instagram.com/metal.monocle","Lorem ipsum dolor sit amet, consectetur adipiscing elit. Nunc elementum tempor est. Vestibulum cursus vestibulum magna, eget pretium quam tempor id. Sed vehicula dui ut condimentum fermentum. Suspendisse porta nisl velit, quis malesuada magna pellentesque ut. Aenean felis nisi, interdum at porttitor nec, finibus vel mi. Duis in ullamcorper ipsum. Sed ligula nunc, dignissim ac neque et, posuere commodo dolor. Nulla ullamcorper mollis turpis lobortis convallis. Curabitur dictum tortor eu mauris elementum hendrerit. Vestibulum ante ipsum primis in faucibus orci luctus et ultrices posuere cubilia curae; Nulla vitae lacinia arcu. Aliquam dignissim lacus et ex consectetur dictum.","Lorem ipsum dolor sit amet, consectetur adipiscing elit. Nunc elementum tempor est. Vestibulum cursus vestibulum magna, eget pretium quam tempor id. Sed vehicula dui ut condimentum fermentum. Suspendisse porta nisl velit, quis malesuada magna pellentesque ut. Aenean felis nisi, interdum at porttitor nec, finibus vel mi. Duis in ullamcorper ipsum. Sed ligula nunc, dignissim ac neque et, posuere commodo dolor. Nulla ullamcorper mollis turpis lobortis convallis. Curabitur dictum tortor eu mauris elementum hendrerit. Vestibulum ante ipsum primis in faucibus orci luctus et ultrices posuere cubilia curae; Nulla vitae lacinia arcu. Aliquam dignissim lacus et ex consectetur dictum.",
Firebug,"Firebug, Millstone Lane, Leicester, UK",Leicester,52.633109,-1.134611,100,None,All,"[""All Alternative"",""All Blues"",""All Classical"",""All Country"",""All Dance"",""All Easy Listening"",""All Electronic"",""All Folk"",""All Hip-Hop\/Rap"",""All Indie"",""All Industrial"",""All Christian & Gospel"",""All Jazz"",""All Latin"",""All Metal"",""All Pop"",""All Post-Disco"",""All Progressive"",""All R&B\/Soul"",""All Reggae"",""All Rock"",""All Singer\/Songwriter"",""All Vocal""]",Kat Frater,0116255122,info@firebugbar.co.uk,"https://firebugbar.net/, https://www.facebook.com/FirebugBar/, https://www.instagram.com/firebugbarleic/, https://www.twitter.com/FireBugBar","Lorem ipsum dolor sit amet, consectetur adipiscing elit. Nunc elementum tempor est. Vestibulum cursus vestibulum magna, eget pretium quam tempor id. Sed vehicula dui ut condimentum fermentum. Suspendisse porta nisl velit, quis malesuada magna pellentesque ut. Aenean felis nisi, interdum at porttitor nec, finibus vel mi. Duis in ullamcorper ipsum. Sed ligula nunc, dignissim ac neque et, posuere commodo dolor. Nulla ullamcorper mollis turpis lobortis convallis. Curabitur dictum tortor eu mauris elementum hendrerit. Vestibulum ante ipsum primis in faucibus orci luctus et ultrices posuere cubilia curae; Nulla vitae lacinia arcu. Aliquam dignissim lacus et ex consectetur dictum.","Lorem ipsum dolor sit amet, consectetur adipiscing elit. Nunc elementum tempor est. Vestibulum cursus vestibulum magna, eget pretium quam tempor id. Sed vehicula dui ut condimentum fermentum. Suspendisse porta nisl velit, quis malesuada magna pellentesque ut. Aenean felis nisi, interdum at porttitor nec, finibus vel mi. Duis in ullamcorper ipsum. Sed ligula nunc, dignissim ac neque et, posuere commodo dolor. Nulla ullamcorper mollis turpis lobortis convallis. Curabitur dictum tortor eu mauris elementum hendrerit. Vestibulum ante ipsum primis in faucibus orci luctus et ultrices posuere cubilia curae; Nulla vitae lacinia arcu. Aliquam dignissim lacus et ex consectetur dictum.",
Duffy's Bar,"Duffy's Bar, Pocklingtons Walk, Leicester, UK",Leicester,52.6326699,-1.1339928,0,None,All,"[""All Alternative"",""All Blues"",""All Classical"",""All Country"",""All Dance"",""All Easy Listening"",""All Electronic"",""All Folk"",""All Hip-Hop\/Rap"",""All Indie"",""All Industrial"",""All Christian & Gospel"",""All Jazz"",""All Latin"",""All Metal"",""All Pop"",""All Post-Disco"",""All Progressive"",""All R&B\/Soul"",""All Reggae"",""All Rock"",""All Singer\/Songwriter"",""All Vocal""]",General,01618816789,,"https://www.ents24.com/manchester-events/duffys-bar-chorlton, https://www.facebook.com/duffysbar.chorlton/","Lorem ipsum dolor sit amet, consectetur adipiscing elit. Nunc elementum tempor est. Vestibulum cursus vestibulum magna, eget pretium quam tempor id. Sed vehicula dui ut condimentum fermentum. Suspendisse porta nisl velit, quis malesuada magna pellentesque ut. Aenean felis nisi, interdum at porttitor nec, finibus vel mi. Duis in ullamcorper ipsum. Sed ligula nunc, dignissim ac neque et, posuere commodo dolor. Nulla ullamcorper mollis turpis lobortis convallis. Curabitur dictum tortor eu mauris elementum hendrerit. Vestibulum ante ipsum primis in faucibus orci luctus et ultrices posuere cubilia curae; Nulla vitae lacinia arcu. Aliquam dignissim lacus et ex consectetur dictum.","Lorem ipsum dolor sit amet, consectetur adipiscing elit. Nunc elementum tempor est. Vestibulum cursus vestibulum magna, eget pretium quam tempor id. Sed vehicula dui ut condimentum fermentum. Suspendisse porta nisl velit, quis malesuada magna pellentesque ut. Aenean felis nisi, interdum at porttitor nec, finibus vel mi. Duis in ullamcorper ipsum. Sed ligula nunc, dignissim ac neque et, posuere commodo dolor. Nulla ullamcorper mollis turpis lobortis convallis. Curabitur dictum tortor eu mauris elementum hendrerit. Vestibulum ante ipsum primis in faucibus orci luctus et ultrices posuere cubilia curae; Nulla vitae lacinia arcu. Aliquam dignissim lacus et ex consectetur dictum.",
The Bridge Inn/ The Hive,"The Bridge Inn/The Hive, Greasbrough Road, Rotherham, UK",Rotherham,53.4325905,-1.3588533,0,None,All,"[""All Alternative"",""All Blues"",""All Classical"",""All Country"",""All Dance"",""All Easy Listening"",""All Electronic"",""All Folk"",""All Hip-Hop\/Rap"",""All Indie"",""All Industrial"",""All Christian & Gospel"",""All Jazz"",""All Latin"",""All Metal"",""All Pop"",""All Post-Disco"",""All Progressive"",""All R&B\/Soul"",""All Reggae"",""All Rock"",""All Singer\/Songwriter"",""All Vocal""]",General,01709836818,info@thehive-bridgeinnRotherham.co.uk,"https://www.ents24.com/rotherham-events/bridge-inn-the-hive, https://www.facebook.com/thebridgeinnthehive","Lorem ipsum dolor sit amet, consectetur adipiscing elit. Nunc elementum tempor est. Vestibulum cursus vestibulum magna, eget pretium quam tempor id. Sed vehicula dui ut condimentum fermentum. Suspendisse porta nisl velit, quis malesuada magna pellentesque ut. Aenean felis nisi, interdum at porttitor nec, finibus vel mi. Duis in ullamcorper ipsum. Sed ligula nunc, dignissim ac neque et, posuere commodo dolor. Nulla ullamcorper mollis turpis lobortis convallis. Curabitur dictum tortor eu mauris elementum hendrerit. Vestibulum ante ipsum primis in faucibus orci luctus et ultrices posuere cubilia curae; Nulla vitae lacinia arcu. Aliquam dignissim lacus et ex consectetur dictum.","Lorem ipsum dolor sit amet, consectetur adipiscing elit. Nunc elementum tempor est. Vestibulum cursus vestibulum magna, eget pretium quam tempor id. Sed vehicula dui ut condimentum fermentum. Suspendisse porta nisl velit, quis malesuada magna pellentesque ut. Aenean felis nisi, interdum at porttitor nec, finibus vel mi. Duis in ullamcorper ipsum. Sed ligula nunc, dignissim ac neque et, posuere commodo dolor. Nulla ullamcorper mollis turpis lobortis convallis. Curabitur dictum tortor eu mauris elementum hendrerit. Vestibulum ante ipsum primis in faucibus orci luctus et ultrices posuere cubilia curae; Nulla vitae lacinia arcu. Aliquam dignissim lacus et ex consectetur dictum.",
The Hariy Dog,"The Hairy Dog, Becket Street, Derby, UK",Derby,52.922332,-1.480667,0,"Sound System, Lighting Rig",All,"[""All Alternative"",""All Blues"",""All Classical"",""All Country"",""All Dance"",""All Easy Listening"",""All Electronic"",""All Folk"",""All Hip-Hop\/Rap"",""All Indie"",""All Industrial"",""All Christian & Gospel"",""All Jazz"",""All Latin"",""All Metal"",""All Pop"",""All Post-Disco"",""All Progressive"",""All R&B\/Soul"",""All Reggae"",""All Rock"",""All Singer\/Songwriter"",""All Vocal""]",Nicole Butler,07446845555,nicole@hairydogvenue.co.uk,"https://hairydogvenue.co.uk/, https://www.instagram.com/thehairydogderby, https://www.facebook.com/thehairydogderby","Lorem ipsum dolor sit amet, consectetur adipiscing elit. Nunc elementum tempor est. Vestibulum cursus vestibulum magna, eget pretium quam tempor id. Sed vehicula dui ut condimentum fermentum. Suspendisse porta nisl velit, quis malesuada magna pellentesque ut. Aenean felis nisi, interdum at porttitor nec, finibus vel mi. Duis in ullamcorper ipsum. Sed ligula nunc, dignissim ac neque et, posuere commodo dolor. Nulla ullamcorper mollis turpis lobortis convallis. Curabitur dictum tortor eu mauris elementum hendrerit. Vestibulum ante ipsum primis in faucibus orci luctus et ultrices posuere cubilia curae; Nulla vitae lacinia arcu. Aliquam dignissim lacus et ex consectetur dictum.","Lorem ipsum dolor sit amet, consectetur adipiscing elit. Nunc elementum tempor est. Vestibulum cursus vestibulum magna, eget pretium quam tempor id. Sed vehicula dui ut condimentum fermentum. Suspendisse porta nisl velit, quis malesuada magna pellentesque ut. Aenean felis nisi, interdum at porttitor nec, finibus vel mi. Duis in ullamcorper ipsum. Sed ligula nunc, dignissim ac neque et, posuere commodo dolor. Nulla ullamcorper mollis turpis lobortis convallis. Curabitur dictum tortor eu mauris elementum hendrerit. Vestibulum ante ipsum primis in faucibus orci luctus et ultrices posuere cubilia curae; Nulla vitae lacinia arcu. Aliquam dignissim lacus et ex consectetur dictum.",
Tap 'n' Tumbler,"Tap & Tumbler, Wollaton Street, Nottingham, UK",Nottingham,52.9551339,-1.1534067,0,None,All,"[""All Alternative"",""All Blues"",""All Classical"",""All Country"",""All Dance"",""All Easy Listening"",""All Electronic"",""All Folk"",""All Hip-Hop\/Rap"",""All Indie"",""All Industrial"",""All Christian & Gospel"",""All Jazz"",""All Latin"",""All Metal"",""All Pop"",""All Post-Disco"",""All Progressive"",""All R&B\/Soul"",""All Reggae"",""All Rock"",""All Singer\/Songwriter"",""All Vocal""]",General,0115 941 3414,7050@greeneking.co.uk,"https://www.greeneking.co.uk/pubs/nottinghamshire/tap-and-tumbler, https://www.facebook.com/TapnTumblerNottingham/","Lorem ipsum dolor sit amet, consectetur adipiscing elit. Nunc elementum tempor est. Vestibulum cursus vestibulum magna, eget pretium quam tempor id. Sed vehicula dui ut condimentum fermentum. Suspendisse porta nisl velit, quis malesuada magna pellentesque ut. Aenean felis nisi, interdum at porttitor nec, finibus vel mi. Duis in ullamcorper ipsum. Sed ligula nunc, dignissim ac neque et, posuere commodo dolor. Nulla ullamcorper mollis turpis lobortis convallis. Curabitur dictum tortor eu mauris elementum hendrerit. Vestibulum ante ipsum primis in faucibus orci luctus et ultrices posuere cubilia curae; Nulla vitae lacinia arcu. Aliquam dignissim lacus et ex consectetur dictum.","Lorem ipsum dolor sit amet, consectetur adipiscing elit. Nunc elementum tempor est. Vestibulum cursus vestibulum magna, eget pretium quam tempor id. Sed vehicula dui ut condimentum fermentum. Suspendisse porta nisl velit, quis malesuada magna pellentesque ut. Aenean felis nisi, interdum at porttitor nec, finibus vel mi. Duis in ullamcorper ipsum. Sed ligula nunc, dignissim ac neque et, posuere commodo dolor. Nulla ullamcorper mollis turpis lobortis convallis. Curabitur dictum tortor eu mauris elementum hendrerit. Vestibulum ante ipsum primis in faucibus orci luctus et ultrices posuere cubilia curae; Nulla vitae lacinia arcu. Aliquam dignissim lacus et ex consectetur dictum.",
The Old Salutation Inn,"The Old Salutation, Maid Marian Way, Nottingham, UK",Nottingham,52.9509209,-1.1515654,0,None,All,"[""All Alternative"",""All Blues"",""All Classical"",""All Country"",""All Dance"",""All Easy Listening"",""All Electronic"",""All Folk"",""All Hip-Hop\/Rap"",""All Indie"",""All Industrial"",""All Christian & Gospel"",""All Jazz"",""All Latin"",""All Metal"",""All Pop"",""All Post-Disco"",""All Progressive"",""All R&B\/Soul"",""All Reggae"",""All Rock"",""All Singer\/Songwriter"",""All Vocal""]",General,0115 988 1948,Thesalutationvenue@gmail.com,"http://www.nottinghamgigguide.com/venue/nottingham/salutation_inn, https://www.facebook.com/TheSalNotts","Lorem ipsum dolor sit amet, consectetur adipiscing elit. Nunc elementum tempor est. Vestibulum cursus vestibulum magna, eget pretium quam tempor id. Sed vehicula dui ut condimentum fermentum. Suspendisse porta nisl velit, quis malesuada magna pellentesque ut. Aenean felis nisi, interdum at porttitor nec, finibus vel mi. Duis in ullamcorper ipsum. Sed ligula nunc, dignissim ac neque et, posuere commodo dolor. Nulla ullamcorper mollis turpis lobortis convallis. Curabitur dictum tortor eu mauris elementum hendrerit. Vestibulum ante ipsum primis in faucibus orci luctus et ultrices posuere cubilia curae; Nulla vitae lacinia arcu. Aliquam dignissim lacus et ex consectetur dictum.","Lorem ipsum dolor sit amet, consectetur adipiscing elit. Nunc elementum tempor est. Vestibulum cursus vestibulum magna, eget pretium quam tempor id. Sed vehicula dui ut condimentum fermentum. Suspendisse porta nisl velit, quis malesuada magna pellentesque ut. Aenean felis nisi, interdum at porttitor nec, finibus vel mi. Duis in ullamcorper ipsum. Sed ligula nunc, dignissim ac neque et, posuere commodo dolor. Nulla ullamcorper mollis turpis lobortis convallis. Curabitur dictum tortor eu mauris elementum hendrerit. Vestibulum ante ipsum primis in faucibus orci luctus et ultrices posuere cubilia curae; Nulla vitae lacinia arcu. Aliquam dignissim lacus et ex consectetur dictum.",
The Old Cold Store,"The Old Cold Store, Queensbridge Road, Nottingham, UK",Nottingham,52.9456024,-1.1485151,0,"Sound System, Projector",All,"[""All Alternative"",""All Blues"",""All Classical"",""All Country"",""All Dance"",""All Easy Listening"",""All Electronic"",""All Folk"",""All Hip-Hop\/Rap"",""All Indie"",""All Industrial"",""All Christian & Gospel"",""All Jazz"",""All Latin"",""All Metal"",""All Pop"",""All Post-Disco"",""All Progressive"",""All R&B\/Soul"",""All Reggae"",""All Rock"",""All Singer\/Songwriter"",""All Vocal""]",General,0115 985 0611,vatandfiddleevents@castlerockbrewery.co.uk,https://www.castlerockbrewery.co.uk/function-rooms/old-cold-store/,"Lorem ipsum dolor sit amet, consectetur adipiscing elit. Nunc elementum tempor est. Vestibulum cursus vestibulum magna, eget pretium quam tempor id. Sed vehicula dui ut condimentum fermentum. Suspendisse porta nisl velit, quis malesuada magna pellentesque ut. Aenean felis nisi, interdum at porttitor nec, finibus vel mi. Duis in ullamcorper ipsum. Sed ligula nunc, dignissim ac neque et, posuere commodo dolor. Nulla ullamcorper mollis turpis lobortis convallis. Curabitur dictum tortor eu mauris elementum hendrerit. Vestibulum ante ipsum primis in faucibus orci luctus et ultrices posuere cubilia curae; Nulla vitae lacinia arcu. Aliquam dignissim lacus et ex consectetur dictum.","Lorem ipsum dolor sit amet, consectetur adipiscing elit. Nunc elementum tempor est. Vestibulum cursus vestibulum magna, eget pretium quam tempor id. Sed vehicula dui ut condimentum fermentum. Suspendisse porta nisl velit, quis malesuada magna pellentesque ut. Aenean felis nisi, interdum at porttitor nec, finibus vel mi. Duis in ullamcorper ipsum. Sed ligula nunc, dignissim ac neque et, posuere commodo dolor. Nulla ullamcorper mollis turpis lobortis convallis. Curabitur dictum tortor eu mauris elementum hendrerit. Vestibulum ante ipsum primis in faucibus orci luctus et ultrices posuere cubilia curae; Nulla vitae lacinia arcu. Aliquam dignissim lacus et ex consectetur dictum.",
Billy Bootleggers,"Billy Bootleggers Nottingham (formerly Percy Picklebackers), Weekday Cross, Nottingham, UK",Nottingham,52.951398,-1.1455648,160,None,All,"[""All Alternative"",""All Blues"",""All Classical"",""All Country"",""All Dance"",""All Easy Listening"",""All Electronic"",""All Folk"",""All Hip-Hop\/Rap"",""All Indie"",""All Industrial"",""All Christian & Gospel"",""All Jazz"",""All Latin"",""All Metal"",""All Pop"",""All Post-Disco"",""All Progressive"",""All R&B\/Soul"",""All Reggae"",""All Rock"",""All Singer\/Songwriter"",""All Vocal""]",General,0115 874 2985,nottingham@billybootleggers.com,"https://www.skiddle.com/whats-on/Nottingham/Billy-Bootleggers-Bar, https://www.facebook.com/billybootleggersnottingham, https://www.instagram.com/billybootleggersnottingham","Lorem ipsum dolor sit amet, consectetur adipiscing elit. Nunc elementum tempor est. Vestibulum cursus vestibulum magna, eget pretium quam tempor id. Sed vehicula dui ut condimentum fermentum. Suspendisse porta nisl velit, quis malesuada magna pellentesque ut. Aenean felis nisi, interdum at porttitor nec, finibus vel mi. Duis in ullamcorper ipsum. Sed ligula nunc, dignissim ac neque et, posuere commodo dolor. Nulla ullamcorper mollis turpis lobortis convallis. Curabitur dictum tortor eu mauris elementum hendrerit. Vestibulum ante ipsum primis in faucibus orci luctus et ultrices posuere cubilia curae; Nulla vitae lacinia arcu. Aliquam dignissim lacus et ex consectetur dictum.","Lorem ipsum dolor sit amet, consectetur adipiscing elit. Nunc elementum tempor est. Vestibulum cursus vestibulum magna, eget pretium quam tempor id. Sed vehicula dui ut condimentum fermentum. Suspendisse porta nisl velit, quis malesuada magna pellentesque ut. Aenean felis nisi, interdum at porttitor nec, finibus vel mi. Duis in ullamcorper ipsum. Sed ligula nunc, dignissim ac neque et, posuere commodo dolor. Nulla ullamcorper mollis turpis lobortis convallis. Curabitur dictum tortor eu mauris elementum hendrerit. Vestibulum ante ipsum primis in faucibus orci luctus et ultrices posuere cubilia curae; Nulla vitae lacinia arcu. Aliquam dignissim lacus et ex consectetur dictum.",
Sanctuary,"Sanctuary Rock Bar, Cow Lane, Burnley, UK",Burnley,53.7891667,-2.2463889,0,None,All,"[""All Alternative"",""All Blues"",""All Classical"",""All Country"",""All Dance"",""All Easy Listening"",""All Electronic"",""All Folk"",""All Hip-Hop\/Rap"",""All Indie"",""All Industrial"",""All Christian & Gospel"",""All Jazz"",""All Latin"",""All Metal"",""All Pop"",""All Post-Disco"",""All Progressive"",""All R&B\/Soul"",""All Reggae"",""All Rock"",""All Singer\/Songwriter"",""All Vocal""]",General,01282459595,sanctuaryrockbar@gmail.com,https://www.facebook.com/sanctuary.burnley,"Lorem ipsum dolor sit amet, consectetur adipiscing elit. Nunc elementum tempor est. Vestibulum cursus vestibulum magna, eget pretium quam tempor id. Sed vehicula dui ut condimentum fermentum. Suspendisse porta nisl velit, quis malesuada magna pellentesque ut. Aenean felis nisi, interdum at porttitor nec, finibus vel mi. Duis in ullamcorper ipsum. Sed ligula nunc, dignissim ac neque et, posuere commodo dolor. Nulla ullamcorper mollis turpis lobortis convallis. Curabitur dictum tortor eu mauris elementum hendrerit. Vestibulum ante ipsum primis in faucibus orci luctus et ultrices posuere cubilia curae; Nulla vitae lacinia arcu. Aliquam dignissim lacus et ex consectetur dictum.","Lorem ipsum dolor sit amet, consectetur adipiscing elit. Nunc elementum tempor est. Vestibulum cursus vestibulum magna, eget pretium quam tempor id. Sed vehicula dui ut condimentum fermentum. Suspendisse porta nisl velit, quis malesuada magna pellentesque ut. Aenean felis nisi, interdum at porttitor nec, finibus vel mi. Duis in ullamcorper ipsum. Sed ligula nunc, dignissim ac neque et, posuere commodo dolor. Nulla ullamcorper mollis turpis lobortis convallis. Curabitur dictum tortor eu mauris elementum hendrerit. Vestibulum ante ipsum primis in faucibus orci luctus et ultrices posuere cubilia curae; Nulla vitae lacinia arcu. Aliquam dignissim lacus et ex consectetur dictum.",
The Scene,"The Scene, Newland, Lincoln, UK",Lincoln,53.2303175,-0.5445128,0,None,All,"[""All Alternative"",""All Blues"",""All Classical"",""All Country"",""All Dance"",""All Easy Listening"",""All Electronic"",""All Folk"",""All Hip-Hop\/Rap"",""All Indie"",""All Industrial"",""All Christian & Gospel"",""All Jazz"",""All Latin"",""All Metal"",""All Pop"",""All Post-Disco"",""All Progressive"",""All R&B\/Soul"",""All Reggae"",""All Rock"",""All Singer\/Songwriter"",""All Vocal""]",General,01522569677,info@thescenelincoln.com,"https://thescene.club/, https://www.facebook.com/TheSceneLincoln","Lorem ipsum dolor sit amet, consectetur adipiscing elit. Nunc elementum tempor est. Vestibulum cursus vestibulum magna, eget pretium quam tempor id. Sed vehicula dui ut condimentum fermentum. Suspendisse porta nisl velit, quis malesuada magna pellentesque ut. Aenean felis nisi, interdum at porttitor nec, finibus vel mi. Duis in ullamcorper ipsum. Sed ligula nunc, dignissim ac neque et, posuere commodo dolor. Nulla ullamcorper mollis turpis lobortis convallis. Curabitur dictum tortor eu mauris elementum hendrerit. Vestibulum ante ipsum primis in faucibus orci luctus et ultrices posuere cubilia curae; Nulla vitae lacinia arcu. Aliquam dignissim lacus et ex consectetur dictum.","Lorem ipsum dolor sit amet, consectetur adipiscing elit. Nunc elementum tempor est. Vestibulum cursus vestibulum magna, eget pretium quam tempor id. Sed vehicula dui ut condimentum fermentum. Suspendisse porta nisl velit, quis malesuada magna pellentesque ut. Aenean felis nisi, interdum at porttitor nec, finibus vel mi. Duis in ullamcorper ipsum. Sed ligula nunc, dignissim ac neque et, posuere commodo dolor. Nulla ullamcorper mollis turpis lobortis convallis. Curabitur dictum tortor eu mauris elementum hendrerit. Vestibulum ante ipsum primis in faucibus orci luctus et ultrices posuere cubilia curae; Nulla vitae lacinia arcu. Aliquam dignissim lacus et ex consectetur dictum.",
Akedo Bar,"Akēdo Gaming Bar Lincoln, Corporation Street, Lincoln, UK",Lincoln,53.2305249,-0.5404979,0,None,All,"[""All Alternative"",""All Blues"",""All Classical"",""All Country"",""All Dance"",""All Easy Listening"",""All Electronic"",""All Folk"",""All Hip-Hop\/Rap"",""All Indie"",""All Industrial"",""All Christian & Gospel"",""All Jazz"",""All Latin"",""All Metal"",""All Pop"",""All Post-Disco"",""All Progressive"",""All R&B\/Soul"",""All Reggae"",""All Rock"",""All Singer\/Songwriter"",""All Vocal""]",General,01522274200,akedoakedo2016@gmail.com,"https://www.akedogamingbar.com/, https://www.facebook.com/akedogamingbar","Lorem ipsum dolor sit amet, consectetur adipiscing elit. Nunc elementum tempor est. Vestibulum cursus vestibulum magna, eget pretium quam tempor id. Sed vehicula dui ut condimentum fermentum. Suspendisse porta nisl velit, quis malesuada magna pellentesque ut. Aenean felis nisi, interdum at porttitor nec, finibus vel mi. Duis in ullamcorper ipsum. Sed ligula nunc, dignissim ac neque et, posuere commodo dolor. Nulla ullamcorper mollis turpis lobortis convallis. Curabitur dictum tortor eu mauris elementum hendrerit. Vestibulum ante ipsum primis in faucibus orci luctus et ultrices posuere cubilia curae; Nulla vitae lacinia arcu. Aliquam dignissim lacus et ex consectetur dictum.","Lorem ipsum dolor sit amet, consectetur adipiscing elit. Nunc elementum tempor est. Vestibulum cursus vestibulum magna, eget pretium quam tempor id. Sed vehicula dui ut condimentum fermentum. Suspendisse porta nisl velit, quis malesuada magna pellentesque ut. Aenean felis nisi, interdum at porttitor nec, finibus vel mi. Duis in ullamcorper ipsum. Sed ligula nunc, dignissim ac neque et, posuere commodo dolor. Nulla ullamcorper mollis turpis lobortis convallis. Curabitur dictum tortor eu mauris elementum hendrerit. Vestibulum ante ipsum primis in faucibus orci luctus et ultrices posuere cubilia curae; Nulla vitae lacinia arcu. Aliquam dignissim lacus et ex consectetur dictum.",
The Engine Shed,"The Engine Shed, Lincoln, UK",Lincoln,53.2271632,-0.5450172,950,730m Squared Space,All,"[""All Alternative"",""All Blues"",""All Classical"",""All Country"",""All Dance"",""All Easy Listening"",""All Electronic"",""All Folk"",""All Hip-Hop\/Rap"",""All Indie"",""All Industrial"",""All Christian & Gospel"",""All Jazz"",""All Latin"",""All Metal"",""All Pop"",""All Post-Disco"",""All Progressive"",""All R&B\/Soul"",""All Reggae"",""All Rock"",""All Singer\/Songwriter"",""All Vocal""]",General,01522 837400,hire@engineshed.co.uk,"https://engineshed.co.uk/, https://www.facebook.com/engineshed/, https://www.instagram.com/engineshed, https://twitter.com/engineshed","Lorem ipsum dolor sit amet, consectetur adipiscing elit. Nunc elementum tempor est. Vestibulum cursus vestibulum magna, eget pretium quam tempor id. Sed vehicula dui ut condimentum fermentum. Suspendisse porta nisl velit, quis malesuada magna pellentesque ut. Aenean felis nisi, interdum at porttitor nec, finibus vel mi. Duis in ullamcorper ipsum. Sed ligula nunc, dignissim ac neque et, posuere commodo dolor. Nulla ullamcorper mollis turpis lobortis convallis. Curabitur dictum tortor eu mauris elementum hendrerit. Vestibulum ante ipsum primis in faucibus orci luctus et ultrices posuere cubilia curae; Nulla vitae lacinia arcu. Aliquam dignissim lacus et ex consectetur dictum.","Lorem ipsum dolor sit amet, consectetur adipiscing elit. Nunc elementum tempor est. Vestibulum cursus vestibulum magna, eget pretium quam tempor id. Sed vehicula dui ut condimentum fermentum. Suspendisse porta nisl velit, quis malesuada magna pellentesque ut. Aenean felis nisi, interdum at porttitor nec, finibus vel mi. Duis in ullamcorper ipsum. Sed ligula nunc, dignissim ac neque et, posuere commodo dolor. Nulla ullamcorper mollis turpis lobortis convallis. Curabitur dictum tortor eu mauris elementum hendrerit. Vestibulum ante ipsum primis in faucibus orci luctus et ultrices posuere cubilia curae; Nulla vitae lacinia arcu. Aliquam dignissim lacus et ex consectetur dictum.",
The Six Six Bar,"The Six Six Bar, East Road, Cambridge, UK",Cambridge,52.2053628,0.1340269,180,"Mackie DL16S (16 channel) digital mixer using Master Fader 5 app as an interface. This is run from an iPad, alternatively touring engineers can bring and use any device that supports WiFi connection and is compatible with either Mackie Master Fader 5 app or Mix Station app, 2x HH HPT-115 PA Speaker, 2x HH HPS-1 15 Sub Woofer, Stage Monitoring: 3x Yamaha DHR12M Active Monitors, Backline: 1x Blackstar ID:100 Guitar Amp (DI compatible), 1x Blackstar S1-413a Guitar Cab, 1x Orange PPC212V Guitar Cab, 4x DI Boxes, 1x Pearl Export Drum Kit (Kick, Snare, 2x Rack Tom, 1x Floor Tom), 4x Cymbal Stands inc Hi Hat stand, 1x Mapex Drum Throne ,Drummers will need to bring ALL breakables. This includes; Cymbals (plus any extra stands you may need), Hi Hat Clutch, Kick Drum Pedal. Microphones: Drum Mics - 1x AKG D112 MkII, 5x Shure e604, Instrument Mics - 2x Sennheiser e609, 2x Shure SM57, Vocal Mics - 1x Shure SM58 Beta, 4x Shure SM58",All,"[""All Alternative"",""All Blues"",""All Classical"",""All Country"",""All Dance"",""All Easy Listening"",""All Electronic"",""All Folk"",""All Hip-Hop\/Rap"",""All Indie"",""All Industrial"",""All Christian & Gospel"",""All Jazz"",""All Latin"",""All Metal"",""All Pop"",""All Post-Disco"",""All Progressive"",""All R&B\/Soul"",""All Reggae"",""All Rock"",""All Singer\/Songwriter"",""All Vocal""]",General,,info@thesixsixbars.com,"https://www.thesixsixbars.com/, https://www.facebook.com/TheSixSixBar, https://www.instagram.com/thesixsixbar/","Lorem ipsum dolor sit amet, consectetur adipiscing elit. Nunc elementum tempor est. Vestibulum cursus vestibulum magna, eget pretium quam tempor id. Sed vehicula dui ut condimentum fermentum. Suspendisse porta nisl velit, quis malesuada magna pellentesque ut. Aenean felis nisi, interdum at porttitor nec, finibus vel mi. Duis in ullamcorper ipsum. Sed ligula nunc, dignissim ac neque et, posuere commodo dolor. Nulla ullamcorper mollis turpis lobortis convallis. Curabitur dictum tortor eu mauris elementum hendrerit. Vestibulum ante ipsum primis in faucibus orci luctus et ultrices posuere cubilia curae; Nulla vitae lacinia arcu. Aliquam dignissim lacus et ex consectetur dictum.","Lorem ipsum dolor sit amet, consectetur adipiscing elit. Nunc elementum tempor est. Vestibulum cursus vestibulum magna, eget pretium quam tempor id. Sed vehicula dui ut condimentum fermentum. Suspendisse porta nisl velit, quis malesuada magna pellentesque ut. Aenean felis nisi, interdum at porttitor nec, finibus vel mi. Duis in ullamcorper ipsum. Sed ligula nunc, dignissim ac neque et, posuere commodo dolor. Nulla ullamcorper mollis turpis lobortis convallis. Curabitur dictum tortor eu mauris elementum hendrerit. Vestibulum ante ipsum primis in faucibus orci luctus et ultrices posuere cubilia curae; Nulla vitae lacinia arcu. Aliquam dignissim lacus et ex consectetur dictum.",
The Portland Arms,"The Portland Arms, Chesterton Road, Cambridge, UK",Cambridge,52.2144396,0.1247154,200,"PA, Lighting Rig, Green Room, Online Tickets, Sound Tech",All,"[""All Alternative"",""All Blues"",""All Classical"",""All Country"",""All Dance"",""All Easy Listening"",""All Electronic"",""All Folk"",""All Hip-Hop\/Rap"",""All Indie"",""All Industrial"",""All Christian & Gospel"",""All Jazz"",""All Latin"",""All Metal"",""All Pop"",""All Post-Disco"",""All Progressive"",""All R&B\/Soul"",""All Reggae"",""All Rock"",""All Singer\/Songwriter"",""All Vocal""]",General,01223 357268,,"https://theportlandarms.co.uk/wp/, https://www.facebook.com/ThePortlandArms/, http://twitter.com/theportlandarms, https://www.instagram.com/theportlandarms","Lorem ipsum dolor sit amet, consectetur adipiscing elit. Nunc elementum tempor est. Vestibulum cursus vestibulum magna, eget pretium quam tempor id. Sed vehicula dui ut condimentum fermentum. Suspendisse porta nisl velit, quis malesuada magna pellentesque ut. Aenean felis nisi, interdum at porttitor nec, finibus vel mi. Duis in ullamcorper ipsum. Sed ligula nunc, dignissim ac neque et, posuere commodo dolor. Nulla ullamcorper mollis turpis lobortis convallis. Curabitur dictum tortor eu mauris elementum hendrerit. Vestibulum ante ipsum primis in faucibus orci luctus et ultrices posuere cubilia curae; Nulla vitae lacinia arcu. Aliquam dignissim lacus et ex consectetur dictum.","Lorem ipsum dolor sit amet, consectetur adipiscing elit. Nunc elementum tempor est. Vestibulum cursus vestibulum magna, eget pretium quam tempor id. Sed vehicula dui ut condimentum fermentum. Suspendisse porta nisl velit, quis malesuada magna pellentesque ut. Aenean felis nisi, interdum at porttitor nec, finibus vel mi. Duis in ullamcorper ipsum. Sed ligula nunc, dignissim ac neque et, posuere commodo dolor. Nulla ullamcorper mollis turpis lobortis convallis. Curabitur dictum tortor eu mauris elementum hendrerit. Vestibulum ante ipsum primis in faucibus orci luctus et ultrices posuere cubilia curae; Nulla vitae lacinia arcu. Aliquam dignissim lacus et ex consectetur dictum.",
The Bullingdon,"The Bullingdon, Cowley Road, Oxford, UK",Oxford,51.7473456,-1.2359776,0,None,All,"[""All Alternative"",""All Blues"",""All Classical"",""All Country"",""All Dance"",""All Easy Listening"",""All Electronic"",""All Folk"",""All Hip-Hop\/Rap"",""All Indie"",""All Industrial"",""All Christian & Gospel"",""All Jazz"",""All Latin"",""All Metal"",""All Pop"",""All Post-Disco"",""All Progressive"",""All R&B\/Soul"",""All Reggae"",""All Rock"",""All Singer\/Songwriter"",""All Vocal""]",General,,info@thebullingdon.co.uk,"https://www.thebullingdon.co.uk/index_2022.php, https://www.facebook.com/TheBullingdon, https://twitter.com/TheBullingdon","Lorem ipsum dolor sit amet, consectetur adipiscing elit. Nunc elementum tempor est. Vestibulum cursus vestibulum magna, eget pretium quam tempor id. Sed vehicula dui ut condimentum fermentum. Suspendisse porta nisl velit, quis malesuada magna pellentesque ut. Aenean felis nisi, interdum at porttitor nec, finibus vel mi. Duis in ullamcorper ipsum. Sed ligula nunc, dignissim ac neque et, posuere commodo dolor. Nulla ullamcorper mollis turpis lobortis convallis. Curabitur dictum tortor eu mauris elementum hendrerit. Vestibulum ante ipsum primis in faucibus orci luctus et ultrices posuere cubilia curae; Nulla vitae lacinia arcu. Aliquam dignissim lacus et ex consectetur dictum.","Lorem ipsum dolor sit amet, consectetur adipiscing elit. Nunc elementum tempor est. Vestibulum cursus vestibulum magna, eget pretium quam tempor id. Sed vehicula dui ut condimentum fermentum. Suspendisse porta nisl velit, quis malesuada magna pellentesque ut. Aenean felis nisi, interdum at porttitor nec, finibus vel mi. Duis in ullamcorper ipsum. Sed ligula nunc, dignissim ac neque et, posuere commodo dolor. Nulla ullamcorper mollis turpis lobortis convallis. Curabitur dictum tortor eu mauris elementum hendrerit. Vestibulum ante ipsum primis in faucibus orci luctus et ultrices posuere cubilia curae; Nulla vitae lacinia arcu. Aliquam dignissim lacus et ex consectetur dictum.",
Rebellion,"Rebellion Manchester, Whitworth Street West, Manchester, UK",Manchester,53.474241,-2.250502,0,None,All,"[""All Alternative"",""All Blues"",""All Classical"",""All Country"",""All Dance"",""All Easy Listening"",""All Electronic"",""All Folk"",""All Hip-Hop\/Rap"",""All Indie"",""All Industrial"",""All Christian & Gospel"",""All Jazz"",""All Latin"",""All Metal"",""All Pop"",""All Post-Disco"",""All Progressive"",""All R&B\/Soul"",""All Reggae"",""All Rock"",""All Singer\/Songwriter"",""All Vocal""]",General,0161 637 1960,BOOKINGS@REBELLION.CLUB,"https://www.rebellion.club/, https://www.facebook.com/rebellionmanchester/, https://www.instagram.com/rebellionmanchester/, https://www.tiktok.com/@rebellionmcr","Lorem ipsum dolor sit amet, consectetur adipiscing elit. Nunc elementum tempor est. Vestibulum cursus vestibulum magna, eget pretium quam tempor id. Sed vehicula dui ut condimentum fermentum. Suspendisse porta nisl velit, quis malesuada magna pellentesque ut. Aenean felis nisi, interdum at porttitor nec, finibus vel mi. Duis in ullamcorper ipsum. Sed ligula nunc, dignissim ac neque et, posuere commodo dolor. Nulla ullamcorper mollis turpis lobortis convallis. Curabitur dictum tortor eu mauris elementum hendrerit. Vestibulum ante ipsum primis in faucibus orci luctus et ultrices posuere cubilia curae; Nulla vitae lacinia arcu. Aliquam dignissim lacus et ex consectetur dictum.","Lorem ipsum dolor sit amet, consectetur adipiscing elit. Nunc elementum tempor est. Vestibulum cursus vestibulum magna, eget pretium quam tempor id. Sed vehicula dui ut condimentum fermentum. Suspendisse porta nisl velit, quis malesuada magna pellentesque ut. Aenean felis nisi, interdum at porttitor nec, finibus vel mi. Duis in ullamcorper ipsum. Sed ligula nunc, dignissim ac neque et, posuere commodo dolor. Nulla ullamcorper mollis turpis lobortis convallis. Curabitur dictum tortor eu mauris elementum hendrerit. Vestibulum ante ipsum primis in faucibus orci luctus et ultrices posuere cubilia curae; Nulla vitae lacinia arcu. Aliquam dignissim lacus et ex consectetur dictum.",
Grand Central,"Grand Central Alt Bar & Live Music Venue, Alt Bar & Live Music Venue, Oxford Street, Manchester, UK",Manchester,53.4740495,-2.2407416,0,None,All,"[""All Alternative"",""All Blues"",""All Classical"",""All Country"",""All Dance"",""All Easy Listening"",""All Electronic"",""All Folk"",""All Hip-Hop\/Rap"",""All Indie"",""All Industrial"",""All Christian & Gospel"",""All Jazz"",""All Latin"",""All Metal"",""All Pop"",""All Post-Disco"",""All Progressive"",""All R&B\/Soul"",""All Reggae"",""All Rock"",""All Singer\/Songwriter"",""All Vocal""]",Robin,0161 236 0890,Robin@grandcentralmanchester.com,"https://www.grandcentralmanchester.com/, https://www.facebook.com/thegrandcentralmcr/, https://www.instagram.com/grandcentralmcr, https://twitter.com/grandcentralmcr","Lorem ipsum dolor sit amet, consectetur adipiscing elit. Nunc elementum tempor est. Vestibulum cursus vestibulum magna, eget pretium quam tempor id. Sed vehicula dui ut condimentum fermentum. Suspendisse porta nisl velit, quis malesuada magna pellentesque ut. Aenean felis nisi, interdum at porttitor nec, finibus vel mi. Duis in ullamcorper ipsum. Sed ligula nunc, dignissim ac neque et, posuere commodo dolor. Nulla ullamcorper mollis turpis lobortis convallis. Curabitur dictum tortor eu mauris elementum hendrerit. Vestibulum ante ipsum primis in faucibus orci luctus et ultrices posuere cubilia curae; Nulla vitae lacinia arcu. Aliquam dignissim lacus et ex consectetur dictum.","Lorem ipsum dolor sit amet, consectetur adipiscing elit. Nunc elementum tempor est. Vestibulum cursus vestibulum magna, eget pretium quam tempor id. Sed vehicula dui ut condimentum fermentum. Suspendisse porta nisl velit, quis malesuada magna pellentesque ut. Aenean felis nisi, interdum at porttitor nec, finibus vel mi. Duis in ullamcorper ipsum. Sed ligula nunc, dignissim ac neque et, posuere commodo dolor. Nulla ullamcorper mollis turpis lobortis convallis. Curabitur dictum tortor eu mauris elementum hendrerit. Vestibulum ante ipsum primis in faucibus orci luctus et ultrices posuere cubilia curae; Nulla vitae lacinia arcu. Aliquam dignissim lacus et ex consectetur dictum.",
Mama Liz's,"Mama Liz's, North Street, Stamford, UK",Stamford,52.653946,-0.477874,0,None,All,"[""All Alternative"",""All Blues"",""All Classical"",""All Country"",""All Dance"",""All Easy Listening"",""All Electronic"",""All Folk"",""All Hip-Hop\/Rap"",""All Indie"",""All Industrial"",""All Christian & Gospel"",""All Jazz"",""All Latin"",""All Metal"",""All Pop"",""All Post-Disco"",""All Progressive"",""All R&B\/Soul"",""All Reggae"",""All Rock"",""All Singer\/Songwriter"",""All Vocal""]",General,01780765888,bookings@mamaliz.co.uk,"https://mamaliz.co.uk/, https://www.facebook.com/profile.php?id=100089377704622","Lorem ipsum dolor sit amet, consectetur adipiscing elit. Nunc elementum tempor est. Vestibulum cursus vestibulum magna, eget pretium quam tempor id. Sed vehicula dui ut condimentum fermentum. Suspendisse porta nisl velit, quis malesuada magna pellentesque ut. Aenean felis nisi, interdum at porttitor nec, finibus vel mi. Duis in ullamcorper ipsum. Sed ligula nunc, dignissim ac neque et, posuere commodo dolor. Nulla ullamcorper mollis turpis lobortis convallis. Curabitur dictum tortor eu mauris elementum hendrerit. Vestibulum ante ipsum primis in faucibus orci luctus et ultrices posuere cubilia curae; Nulla vitae lacinia arcu. Aliquam dignissim lacus et ex consectetur dictum.","Lorem ipsum dolor sit amet, consectetur adipiscing elit. Nunc elementum tempor est. Vestibulum cursus vestibulum magna, eget pretium quam tempor id. Sed vehicula dui ut condimentum fermentum. Suspendisse porta nisl velit, quis malesuada magna pellentesque ut. Aenean felis nisi, interdum at porttitor nec, finibus vel mi. Duis in ullamcorper ipsum. Sed ligula nunc, dignissim ac neque et, posuere commodo dolor. Nulla ullamcorper mollis turpis lobortis convallis. Curabitur dictum tortor eu mauris elementum hendrerit. Vestibulum ante ipsum primis in faucibus orci luctus et ultrices posuere cubilia curae; Nulla vitae lacinia arcu. Aliquam dignissim lacus et ex consectetur dictum.",
Trillians,"Trillians Rock Bar, Princess Square, Newcastle upon Tyne, UK",Newcastle,54.9749175,-1.6110208,0,None,All,"[""All Alternative"",""All Blues"",""All Classical"",""All Country"",""All Dance"",""All Easy Listening"",""All Electronic"",""All Folk"",""All Hip-Hop\/Rap"",""All Indie"",""All Industrial"",""All Christian & Gospel"",""All Jazz"",""All Latin"",""All Metal"",""All Pop"",""All Post-Disco"",""All Progressive"",""All R&B\/Soul"",""All Reggae"",""All Rock"",""All Singer\/Songwriter"",""All Vocal""]",General,07710 095238,info@trilliansnewcastle.co.uk,"https://trilliansnewcastle.co.uk/, https://www.facebook.com/trillians.bookingpage/?ref=page_internal, https://www.instagram.com/trilliansrocks/, https://twitter.com/trilliansrock","Lorem ipsum dolor sit amet, consectetur adipiscing elit. Nunc elementum tempor est. Vestibulum cursus vestibulum magna, eget pretium quam tempor id. Sed vehicula dui ut condimentum fermentum. Suspendisse porta nisl velit, quis malesuada magna pellentesque ut. Aenean felis nisi, interdum at porttitor nec, finibus vel mi. Duis in ullamcorper ipsum. Sed ligula nunc, dignissim ac neque et, posuere commodo dolor. Nulla ullamcorper mollis turpis lobortis convallis. Curabitur dictum tortor eu mauris elementum hendrerit. Vestibulum ante ipsum primis in faucibus orci luctus et ultrices posuere cubilia curae; Nulla vitae lacinia arcu. Aliquam dignissim lacus et ex consectetur dictum.","Lorem ipsum dolor sit amet, consectetur adipiscing elit. Nunc elementum tempor est. Vestibulum cursus vestibulum magna, eget pretium quam tempor id. Sed vehicula dui ut condimentum fermentum. Suspendisse porta nisl velit, quis malesuada magna pellentesque ut. Aenean felis nisi, interdum at porttitor nec, finibus vel mi. Duis in ullamcorper ipsum. Sed ligula nunc, dignissim ac neque et, posuere commodo dolor. Nulla ullamcorper mollis turpis lobortis convallis. Curabitur dictum tortor eu mauris elementum hendrerit. Vestibulum ante ipsum primis in faucibus orci luctus et ultrices posuere cubilia curae; Nulla vitae lacinia arcu. Aliquam dignissim lacus et ex consectetur dictum.",
The Railway Tavern,"The Railway Tavern, High Northgate, Darlington, UK",Darlington,54.5320282,-1.5521979,0,None,All,"[""All Alternative"",""All Blues"",""All Classical"",""All Country"",""All Dance"",""All Easy Listening"",""All Electronic"",""All Folk"",""All Hip-Hop\/Rap"",""All Indie"",""All Industrial"",""All Christian & Gospel"",""All Jazz"",""All Latin"",""All Metal"",""All Pop"",""All Post-Disco"",""All Progressive"",""All R&B\/Soul"",""All Reggae"",""All Rock"",""All Singer\/Songwriter"",""All Vocal""]",Anki Findlater,01325 464963,,https://www.facebook.com/railwaytavernpub,"Lorem ipsum dolor sit amet, consectetur adipiscing elit. Nunc elementum tempor est. Vestibulum cursus vestibulum magna, eget pretium quam tempor id. Sed vehicula dui ut condimentum fermentum. Suspendisse porta nisl velit, quis malesuada magna pellentesque ut. Aenean felis nisi, interdum at porttitor nec, finibus vel mi. Duis in ullamcorper ipsum. Sed ligula nunc, dignissim ac neque et, posuere commodo dolor. Nulla ullamcorper mollis turpis lobortis convallis. Curabitur dictum tortor eu mauris elementum hendrerit. Vestibulum ante ipsum primis in faucibus orci luctus et ultrices posuere cubilia curae; Nulla vitae lacinia arcu. Aliquam dignissim lacus et ex consectetur dictum.","Lorem ipsum dolor sit amet, consectetur adipiscing elit. Nunc elementum tempor est. Vestibulum cursus vestibulum magna, eget pretium quam tempor id. Sed vehicula dui ut condimentum fermentum. Suspendisse porta nisl velit, quis malesuada magna pellentesque ut. Aenean felis nisi, interdum at porttitor nec, finibus vel mi. Duis in ullamcorper ipsum. Sed ligula nunc, dignissim ac neque et, posuere commodo dolor. Nulla ullamcorper mollis turpis lobortis convallis. Curabitur dictum tortor eu mauris elementum hendrerit. Vestibulum ante ipsum primis in faucibus orci luctus et ultrices posuere cubilia curae; Nulla vitae lacinia arcu. Aliquam dignissim lacus et ex consectetur dictum.",
Head Of Steam,"The Head of Steam Newcastle, Neville Street, Newcastle upon Tyne, UK",Newcastle,54.969521,-1.615563,0,None,All,"[""All Alternative"",""All Blues"",""All Classical"",""All Country"",""All Dance"",""All Easy Listening"",""All Electronic"",""All Folk"",""All Hip-Hop\/Rap"",""All Indie"",""All Industrial"",""All Christian & Gospel"",""All Jazz"",""All Latin"",""All Metal"",""All Pop"",""All Post-Disco"",""All Progressive"",""All R&B\/Soul"",""All Reggae"",""All Rock"",""All Singer\/Songwriter"",""All Vocal""]",General,0191 230 4236,newcastle@theheadofsteam.co.uk,"https://www.theheadofsteam.co.uk/bars/newcastle, http://www.twitter.com/HOS_Newcastle, https://www.instagram.com/HOS_NEWCASTLE, https://www.facebook.com/headofsteam.newcastle","Lorem ipsum dolor sit amet, consectetur adipiscing elit. Nunc elementum tempor est. Vestibulum cursus vestibulum magna, eget pretium quam tempor id. Sed vehicula dui ut condimentum fermentum. Suspendisse porta nisl velit, quis malesuada magna pellentesque ut. Aenean felis nisi, interdum at porttitor nec, finibus vel mi. Duis in ullamcorper ipsum. Sed ligula nunc, dignissim ac neque et, posuere commodo dolor. Nulla ullamcorper mollis turpis lobortis convallis. Curabitur dictum tortor eu mauris elementum hendrerit. Vestibulum ante ipsum primis in faucibus orci luctus et ultrices posuere cubilia curae; Nulla vitae lacinia arcu. Aliquam dignissim lacus et ex consectetur dictum.","Lorem ipsum dolor sit amet, consectetur adipiscing elit. Nunc elementum tempor est. Vestibulum cursus vestibulum magna, eget pretium quam tempor id. Sed vehicula dui ut condimentum fermentum. Suspendisse porta nisl velit, quis malesuada magna pellentesque ut. Aenean felis nisi, interdum at porttitor nec, finibus vel mi. Duis in ullamcorper ipsum. Sed ligula nunc, dignissim ac neque et, posuere commodo dolor. Nulla ullamcorper mollis turpis lobortis convallis. Curabitur dictum tortor eu mauris elementum hendrerit. Vestibulum ante ipsum primis in faucibus orci luctus et ultrices posuere cubilia curae; Nulla vitae lacinia arcu. Aliquam dignissim lacus et ex consectetur dictum.",
The Penny Gill,"The Penny Gill, Cheapside, Spennymoor, UK",Spennymoor,54.6999692,-1.6005493,0,None,All,"[""All Alternative"",""All Blues"",""All Classical"",""All Country"",""All Dance"",""All Easy Listening"",""All Electronic"",""All Folk"",""All Hip-Hop\/Rap"",""All Indie"",""All Industrial"",""All Christian & Gospel"",""All Jazz"",""All Latin"",""All Metal"",""All Pop"",""All Post-Disco"",""All Progressive"",""All R&B\/Soul"",""All Reggae"",""All Rock"",""All Singer\/Songwriter"",""All Vocal""]",General,01388 818849,,https://www.facebook.com/pennygillrockbar/,"Lorem ipsum dolor sit amet, consectetur adipiscing elit. Nunc elementum tempor est. Vestibulum cursus vestibulum magna, eget pretium quam tempor id. Sed vehicula dui ut condimentum fermentum. Suspendisse porta nisl velit, quis malesuada magna pellentesque ut. Aenean felis nisi, interdum at porttitor nec, finibus vel mi. Duis in ullamcorper ipsum. Sed ligula nunc, dignissim ac neque et, posuere commodo dolor. Nulla ullamcorper mollis turpis lobortis convallis. Curabitur dictum tortor eu mauris elementum hendrerit. Vestibulum ante ipsum primis in faucibus orci luctus et ultrices posuere cubilia curae; Nulla vitae lacinia arcu. Aliquam dignissim lacus et ex consectetur dictum.","Lorem ipsum dolor sit amet, consectetur adipiscing elit. Nunc elementum tempor est. Vestibulum cursus vestibulum magna, eget pretium quam tempor id. Sed vehicula dui ut condimentum fermentum. Suspendisse porta nisl velit, quis malesuada magna pellentesque ut. Aenean felis nisi, interdum at porttitor nec, finibus vel mi. Duis in ullamcorper ipsum. Sed ligula nunc, dignissim ac neque et, posuere commodo dolor. Nulla ullamcorper mollis turpis lobortis convallis. Curabitur dictum tortor eu mauris elementum hendrerit. Vestibulum ante ipsum primis in faucibus orci luctus et ultrices posuere cubilia curae; Nulla vitae lacinia arcu. Aliquam dignissim lacus et ex consectetur dictum.",
The Forum Music Center,"The Forum Music Studios, Borough Road, Darlington, UK",Darlington,54.5260162,-1.5479607,200,"Stage: 12ft x 28ft x 2ft aluminium stage made up of 12 stage blocks with a removable 6ft x 8ft drum riser, Sound: Yamaha M7CL-48 Console (Main), D&b audiotechnik C7 Top x4 D&b audiotechnik C7 Sub x4 D&b audiotechnik D80 Amp x2 28x channels to stage (microphone inputs) 8x aux sends to stage (monitor outputs), Monitors: Mackie SRM 450 active x9, Power: 10x 13 amp at back of stage, 6x 13 amp trailing sockets at front of stage 3 Phase Power Supply 32amp Ceeform Power Supply In Use, AV: CD Player Sanyo Projector (VGA) 110” Screen (4:3) PTZ Optics HD Camera System Apple MacMini, Cinema System: Mackie HR624 Satellite Speakers Mackie SR120 Subwoofer Optoma 720p HD Projector (HDMI) 160” Screen (16:9) Blu-ray Player, Lighting: LightShark LS-1 Console SV PixelBeam 160 x4 SV MH-200 Pro Spot x6 ADJ Hex Wash 7 x2 ADJ Inno ColorBeam 12 x2 ADJ Megabar Pro x2 SV ShowBar TriLED x10 SV LED Flood Panel x6 SV LED Par56 x4 SV LED Par64 x6 SV AF-180 LED Fogger x2 Antari F1 Fazer (Lighting plan available upon request), Microphones: Shure SM58 x12 Shure SM57 x8 Shure PG56 x2 Sennheiser E604 x8 Sennheiser E914 x2 SE SE8 x2 AKG D112 x2 Sennheiser XSW-1 with SKM 825 (Wireless) x4 Sennheiser SK-XSW with ME2 Lavalier Mic x4 Shure PG58 (Wireless) x1 EMO Passive DI x4 BSS Active DI x5, Backline (Available Upon Request): Drum Kit: 5 Piece Pearl Vision 22” Bass Drum, 10” Rack Tom, 12” Rack Tom, “16 Floor Tom, 14” Snare Drum 1x Single Bass Drum Pedal, 1x Hi-Hat Stand, 1x Snare Stand, 2x Boom Cymbal Stand, 1x Straight Cymbal Stand, 1x Drum Throne, Bass Amp: 1x Fender Rumble 100 Combo, Guitar Amp: 1x Marshall Valve State AVT2000 Combo 2x Laney LX65R Combo 2x Crate GT65 Combo, Keyboard: 1x Yamaha P45 Electric Piano, Cabs: 1x Trace Elliot 15” Bass Cab 2x Marshall 4x12” Guitar Cab",All,"[""All Alternative"",""All Blues"",""All Classical"",""All Country"",""All Dance"",""All Easy Listening"",""All Electronic"",""All Folk"",""All Hip-Hop\/Rap"",""All Indie"",""All Industrial"",""All Christian & Gospel"",""All Jazz"",""All Latin"",""All Metal"",""All Pop"",""All Post-Disco"",""All Progressive"",""All R&B\/Soul"",""All Reggae"",""All Rock"",""All Singer\/Songwriter"",""All Vocal""]",June/ Kristen,01325 363135,info@theforumonline.co.uk,"https://theforumonline.co.uk/, https://twitter.com/TheForum_Music, https://www.youtube.com/channel/UCgbACeh4kIJKKAgMEe_gKQQ, https://www.facebook.com/theforummusicstudios/, https://www.instagram.com/theforumdarlington/","Lorem ipsum dolor sit amet, consectetur adipiscing elit. Nunc elementum tempor est. Vestibulum cursus vestibulum magna, eget pretium quam tempor id. Sed vehicula dui ut condimentum fermentum. Suspendisse porta nisl velit, quis malesuada magna pellentesque ut. Aenean felis nisi, interdum at porttitor nec, finibus vel mi. Duis in ullamcorper ipsum. Sed ligula nunc, dignissim ac neque et, posuere commodo dolor. Nulla ullamcorper mollis turpis lobortis convallis. Curabitur dictum tortor eu mauris elementum hendrerit. Vestibulum ante ipsum primis in faucibus orci luctus et ultrices posuere cubilia curae; Nulla vitae lacinia arcu. Aliquam dignissim lacus et ex consectetur dictum.","Lorem ipsum dolor sit amet, consectetur adipiscing elit. Nunc elementum tempor est. Vestibulum cursus vestibulum magna, eget pretium quam tempor id. Sed vehicula dui ut condimentum fermentum. Suspendisse porta nisl velit, quis malesuada magna pellentesque ut. Aenean felis nisi, interdum at porttitor nec, finibus vel mi. Duis in ullamcorper ipsum. Sed ligula nunc, dignissim ac neque et, posuere commodo dolor. Nulla ullamcorper mollis turpis lobortis convallis. Curabitur dictum tortor eu mauris elementum hendrerit. Vestibulum ante ipsum primis in faucibus orci luctus et ultrices posuere cubilia curae; Nulla vitae lacinia arcu. Aliquam dignissim lacus et ex consectetur dictum.",
The Underground,"The Underground, Duke Street, Bradford, UK",Bradford,53.7959467,-1.7543058,350,None,All,"[""All Alternative"",""All Blues"",""All Classical"",""All Country"",""All Dance"",""All Easy Listening"",""All Electronic"",""All Folk"",""All Hip-Hop\/Rap"",""All Indie"",""All Industrial"",""All Christian & Gospel"",""All Jazz"",""All Latin"",""All Metal"",""All Pop"",""All Post-Disco"",""All Progressive"",""All R&B\/Soul"",""All Reggae"",""All Rock"",""All Singer\/Songwriter"",""All Vocal""]",Matt ,,matt@theundergroundbradford.com,"https://www.undergroundbradford.co.uk/, https://www.facebook.com/theundergroundbradford, https://www.instagram.com/theundergroundbradford/, https://www.tiktok.com/@theugbradford","Lorem ipsum dolor sit amet, consectetur adipiscing elit. Nunc elementum tempor est. Vestibulum cursus vestibulum magna, eget pretium quam tempor id. Sed vehicula dui ut condimentum fermentum. Suspendisse porta nisl velit, quis malesuada magna pellentesque ut. Aenean felis nisi, interdum at porttitor nec, finibus vel mi. Duis in ullamcorper ipsum. Sed ligula nunc, dignissim ac neque et, posuere commodo dolor. Nulla ullamcorper mollis turpis lobortis convallis. Curabitur dictum tortor eu mauris elementum hendrerit. Vestibulum ante ipsum primis in faucibus orci luctus et ultrices posuere cubilia curae; Nulla vitae lacinia arcu. Aliquam dignissim lacus et ex consectetur dictum.","Lorem ipsum dolor sit amet, consectetur adipiscing elit. Nunc elementum tempor est. Vestibulum cursus vestibulum magna, eget pretium quam tempor id. Sed vehicula dui ut condimentum fermentum. Suspendisse porta nisl velit, quis malesuada magna pellentesque ut. Aenean felis nisi, interdum at porttitor nec, finibus vel mi. Duis in ullamcorper ipsum. Sed ligula nunc, dignissim ac neque et, posuere commodo dolor. Nulla ullamcorper mollis turpis lobortis convallis. Curabitur dictum tortor eu mauris elementum hendrerit. Vestibulum ante ipsum primis in faucibus orci luctus et ultrices posuere cubilia curae; Nulla vitae lacinia arcu. Aliquam dignissim lacus et ex consectetur dictum.",
Night Train,"Nightrain, Queensgate, Bradford, UK",Bradford,53.7944195,-1.7537231,400,None,All,"[""All Alternative"",""All Blues"",""All Classical"",""All Country"",""All Dance"",""All Easy Listening"",""All Electronic"",""All Folk"",""All Hip-Hop\/Rap"",""All Indie"",""All Industrial"",""All Christian & Gospel"",""All Jazz"",""All Latin"",""All Metal"",""All Pop"",""All Post-Disco"",""All Progressive"",""All R&B\/Soul"",""All Reggae"",""All Rock"",""All Singer\/Songwriter"",""All Vocal""]",Keith Tempest,01274734239,keith.tempest@nightrain.co.uk,"https://nightrain.co.uk/, https://www.facebook.com/NightrainBradford, https://www.tiktok.com/@nightrainbradford, https://www.instagram.com/nightrainbradford/, https://www.twitter.com/NightrainVenue","Lorem ipsum dolor sit amet, consectetur adipiscing elit. Nunc elementum tempor est. Vestibulum cursus vestibulum magna, eget pretium quam tempor id. Sed vehicula dui ut condimentum fermentum. Suspendisse porta nisl velit, quis malesuada magna pellentesque ut. Aenean felis nisi, interdum at porttitor nec, finibus vel mi. Duis in ullamcorper ipsum. Sed ligula nunc, dignissim ac neque et, posuere commodo dolor. Nulla ullamcorper mollis turpis lobortis convallis. Curabitur dictum tortor eu mauris elementum hendrerit. Vestibulum ante ipsum primis in faucibus orci luctus et ultrices posuere cubilia curae; Nulla vitae lacinia arcu. Aliquam dignissim lacus et ex consectetur dictum.","Lorem ipsum dolor sit amet, consectetur adipiscing elit. Nunc elementum tempor est. Vestibulum cursus vestibulum magna, eget pretium quam tempor id. Sed vehicula dui ut condimentum fermentum. Suspendisse porta nisl velit, quis malesuada magna pellentesque ut. Aenean felis nisi, interdum at porttitor nec, finibus vel mi. Duis in ullamcorper ipsum. Sed ligula nunc, dignissim ac neque et, posuere commodo dolor. Nulla ullamcorper mollis turpis lobortis convallis. Curabitur dictum tortor eu mauris elementum hendrerit. Vestibulum ante ipsum primis in faucibus orci luctus et ultrices posuere cubilia curae; Nulla vitae lacinia arcu. Aliquam dignissim lacus et ex consectetur dictum.",
1in12,"1 In 12 Club, Albion Street, Bradford, UK",Bradford,53.7948074,-1.7582101,0,None,All,"[""All Alternative"",""All Blues"",""All Classical"",""All Country"",""All Dance"",""All Easy Listening"",""All Electronic"",""All Folk"",""All Hip-Hop\/Rap"",""All Indie"",""All Industrial"",""All Christian & Gospel"",""All Jazz"",""All Latin"",""All Metal"",""All Pop"",""All Post-Disco"",""All Progressive"",""All R&B\/Soul"",""All Reggae"",""All Rock"",""All Singer\/Songwriter"",""All Vocal""]",General,,oneintwelve@riseup.net,"https://1in12club.wordpress.com/, https://www.facebook.com/1in12/","The Forum Music Studios is a popular music venue located in Darlington, County Durham, England. It is known for hosting a wide range of live music performances, including concerts, gigs, tribute acts, and local talent showcases. With its versatile and intimate setting, The Forum provides a vibrant platform for both emerging and established artists across various genres, including rock, indie, folk, alternative, and more. The venue boasts a professional sound and lighting system, well-equipped stage, and a dedicated team that ensures an enjoyable experience for both performers and audiences. In addition to live music events, The Forum Music Studios also hosts workshops, music classes, and community-driven initiatives, contributing to the local music scene’s growth and development. If you’re a music enthusiast or an artist looking for a dynamic and inclusive venue to experience or showcase live music in Darlington, The Forum Music Studios is a must-visit destination. Its commitment to supporting local talent and providing memorable entertainment experiences makes it a hub for music lovers of all ages.","Parking: There is a small car park at the rear of the venue, on event nights this fills up quickly so please be prepared to park elsewhere. There is also on street parking all around the venue and also a large car park just down the road. Payments: We accept cash and card including mobile payments such as Apple Pay, GooglePay etc. Standing Or Seated: The majority of our live music events are standing only, with notable exceptions being the Hilarity Bites Comedy Club and Darlington Film Club that are seated. Darlington RnB Club events are mostly seated with some standing room at the back. Please check the details on each event as to whether the event is standing or seated.",